INSERT INTO user_profile
VALUES ('e7636f4e-1255-11ed-861d-0242ac120002',
        'josh@gmail.com',
        'joshpass',
        203423111,
        4,
        'Budapest',
        'Josh',
        'BOTH');

INSERT INTO tasks_to_need
VALUES('e7636f4e-1255-11ed-861d-0242ac120002',
       'IKEA_ASSEMBLY');

INSERT INTO tasks_to_need
VALUES('e7636f4e-1255-11ed-861d-0242ac120002',
       'MOVE_BOXES_WITH_CAR');

INSERT INTO tasks_to_take
VALUES('e7636f4e-1255-11ed-861d-0242ac120002',
       'SHOPPING');


INSERT INTO user_profile
VALUES ('e7636f4e-1255-11ed-861d-0242ac120003',
        'peter33@gmail.com',
        'peterpass',
        203423112,
        5,
        'Kecskemét',
        'Peter',
        'TASKER');

INSERT INTO tasks_to_take
VALUES('e7636f4e-1255-11ed-861d-0242ac120003',
       'WAIT_IN_LINE');

INSERT INTO tasks_to_take
VALUES('e7636f4e-1255-11ed-861d-0242ac120003',
       'GARDENING');

INSERT INTO user_profile
VALUES ('e7636f4e-1255-11ed-861d-0242ac120004',
        'kova@gmail.com',
        'kovapass',
        304555634,
        4,
        'Budapest',
        'Kova',
        'BUYER');

INSERT INTO tasks_to_need
VALUES('e7636f4e-1255-11ed-861d-0242ac120004',
       'IKEA_ASSEMBLY');


INSERT INTO user_profile
VALUES ('e7636f4e-1255-11ed-861d-0242ac120005',
        'anita@gmail.com',
        'anitaass',
        303423511,
        5,
        'Budapest',
        'Anita',
        'BOTH');

INSERT INTO tasks_to_need
VALUES('e7636f4e-1255-11ed-861d-0242ac120005',
       'COOKING');

INSERT INTO tasks_to_take
VALUES('e7636f4e-1255-11ed-861d-0242ac120005',
       ' CAT_SITTING');

INSERT INTO user_profile
VALUES ('e7636f4e-1255-11ed-861d-0242ac120006',
        'em@yahoo.com',
        'empass',
        204453617,
        4,
        'Pécel',
        'Em',
        'TASKER');

INSERT INTO tasks_to_take
VALUES('e7636f4e-1255-11ed-861d-0242ac120006',
       'GET_KIDS_FROM_SCHOOL');

INSERT INTO user_profile
VALUES ('e7636f4e-1255-11ed-861d-0242ac120007',
        'joseph@gmail.com',
        'josephpass',
        304523619,
        5,
        'Budapest',
        'Joseph',
        'BUYER');

INSERT INTO tasks_to_need
VALUES('e7636f4e-1255-11ed-861d-0242ac120007',
       'COOKING');

INSERT INTO user_profile
VALUES ('e7636f4e-1255-11ed-861d-0242ac120008',
        'cat@gmail.com',
        'catpass',
        403345155,
        5,
        'Budafok',
        'EmilyCat',
        'BOTH');

INSERT INTO tasks_to_need
VALUES('e7636f4e-1255-11ed-861d-0242ac120008',
       'BABY_SITTING');

INSERT INTO tasks_to_take
VALUES('e7636f4e-1255-11ed-861d-0242ac120008',
       'DOG_SITTING');

INSERT INTO user_profile
VALUES ('e7636f4e-1255-11ed-861d-0242ac120009',
        'john@gmail.com',
        'johnpass',
        307423344,
        3,
        'Budapest',
        'John',
        'TASKER');

INSERT INTO tasks_to_take
VALUES('e7636f4e-1255-11ed-861d-0242ac120009',
       'BABY_SITTING');

INSERT INTO user_profile
VALUES ('e7636f4e-1255-11ed-861d-0242ac120010',
        'john@gmail.com',
        'johnpass',
        307423344,
        3,
        'Budapest',
        'John',
        'BOTH');

INSERT INTO tasks_to_take
VALUES('e7636f4e-1255-11ed-861d-0242ac120009',
       'BABY_SITTING');